isoWeek|year|account_id|account_name|webproperty_id|webproperty_name|webproperty_level|webproperty_website_url|profile_currency|profile_type|profile_website_url|profile_id|profile_name|users|bounces|new_users|pageviews|sessions|time_on_page|unique_pageviews|upload_time|info|period
49|2020|51583031|R&D BR - Hotsite Santander|UA-51583031-14|Solicite seu cartão|PREMIUM|https://www.soliciteseucartao.com.br|BRL|WEB|https://www.soliciteseucartao.com.br|126080976|Sem Filtros|62|68|38|79|73|3882.0|73|2021-03-02 16:22:44.408381|basic|week
50|2020|51583031|R&D BR - Hotsite Santander|UA-51583031-14|Solicite seu cartão|PREMIUM|https://www.soliciteseucartao.com.br|BRL|WEB|https://www.soliciteseucartao.com.br|126080976|Sem Filtros|87|99|63|113|105|4056.0|107|2021-03-02 16:22:44.408381|basic|week
51|2020|51583031|R&D BR - Hotsite Santander|UA-51583031-14|Solicite seu cartão|PREMIUM|https://www.soliciteseucartao.com.br|BRL|WEB|https://www.soliciteseucartao.com.br|126080976|Sem Filtros|66|72|45|83|77|1883.0|78|2021-03-02 16:22:44.408381|basic|week
52|2020|51583031|R&D BR - Hotsite Santander|UA-51583031-14|Solicite seu cartão|PREMIUM|https://www.soliciteseucartao.com.br|BRL|WEB|https://www.soliciteseucartao.com.br|126080976|Sem Filtros|53|71|32|89|74|130.0|82|2021-03-02 16:22:44.408381|basic|week
53|2020|51583031|R&D BR - Hotsite Santander|UA-51583031-14|Solicite seu cartão|PREMIUM|https://www.soliciteseucartao.com.br|BRL|WEB|https://www.soliciteseucartao.com.br|126080976|Sem Filtros|36|40|27|44|42|394.0|43|2021-03-02 16:22:44.408381|basic|week
49|2020|51583031|R&D BR - Hotsite Santander|UA-51583031-14|Solicite seu cartão|PREMIUM|https://www.soliciteseucartao.com.br|USD|WEB|https://www.soliciteseucartao.com.br|170574025|"03|Novo Funil"|58|62|34|73|67|3882.0|67|2021-03-02 16:22:44.408381|basic|week
50|2020|51583031|R&D BR - Hotsite Santander|UA-51583031-14|Solicite seu cartão|PREMIUM|https://www.soliciteseucartao.com.br|USD|WEB|https://www.soliciteseucartao.com.br|170574025|"03|Novo Funil"|80|89|57|101|94|2479.0|96|2021-03-02 16:22:44.408381|basic|week
51|2020|51583031|R&D BR - Hotsite Santander|UA-51583031-14|Solicite seu cartão|PREMIUM|https://www.soliciteseucartao.com.br|USD|WEB|https://www.soliciteseucartao.com.br|170574025|"03|Novo Funil"|53|61|34|68|64|1236.0|64|2021-03-02 16:22:44.408381|basic|week
52|2020|51583031|R&D BR - Hotsite Santander|UA-51583031-14|Solicite seu cartão|PREMIUM|https://www.soliciteseucartao.com.br|USD|WEB|https://www.soliciteseucartao.com.br|170574025|"03|Novo Funil"|50|69|30|87|71|130.0|80|2021-03-02 16:22:44.408381|basic|week
53|2020|51583031|R&D BR - Hotsite Santander|UA-51583031-14|Solicite seu cartão|PREMIUM|https://www.soliciteseucartao.com.br|USD|WEB|https://www.soliciteseucartao.com.br|170574025|"03|Novo Funil"|33|38|25|40|39|6.0|40|2021-03-02 16:22:44.408381|basic|week
49|2020|51583031|R&D BR - Hotsite Santander|UA-51583031-14|Solicite seu cartão|PREMIUM|https://www.soliciteseucartao.com.br|USD|WEB|https://www.soliciteseucartao.com.br|178705258|Teste|62|68|38|79|73|3882.0|73|2021-03-02 16:22:44.408381|basic|week
50|2020|51583031|R&D BR - Hotsite Santander|UA-51583031-14|Solicite seu cartão|PREMIUM|https://www.soliciteseucartao.com.br|USD|WEB|https://www.soliciteseucartao.com.br|178705258|Teste|87|99|63|113|105|4056.0|107|2021-03-02 16:22:44.408381|basic|week
51|2020|51583031|R&D BR - Hotsite Santander|UA-51583031-14|Solicite seu cartão|PREMIUM|https://www.soliciteseucartao.com.br|USD|WEB|https://www.soliciteseucartao.com.br|178705258|Teste|66|72|45|83|77|1883.0|78|2021-03-02 16:22:44.408381|basic|week
52|2020|51583031|R&D BR - Hotsite Santander|UA-51583031-14|Solicite seu cartão|PREMIUM|https://www.soliciteseucartao.com.br|USD|WEB|https://www.soliciteseucartao.com.br|178705258|Teste|53|71|32|89|74|130.0|82|2021-03-02 16:22:44.408381|basic|week
53|2020|51583031|R&D BR - Hotsite Santander|UA-51583031-14|Solicite seu cartão|PREMIUM|https://www.soliciteseucartao.com.br|USD|WEB|https://www.soliciteseucartao.com.br|178705258|Teste|36|40|27|44|42|394.0|43|2021-03-02 16:22:44.408381|basic|week
49|2020|74611751|Santander NOW|UA-74611751-1|App Santander NOW|PREMIUM|--|USD|APP|--|117804469|Todos os dados do aplicativo para dispositivos móveis|31|0|7|0|35|0.0|0|2021-03-02 16:22:44.408381|basic|week
50|2020|74611751|Santander NOW|UA-74611751-1|App Santander NOW|PREMIUM|--|USD|APP|--|117804469|Todos os dados do aplicativo para dispositivos móveis|35|0|9|0|41|0.0|0|2021-03-02 16:22:44.408381|basic|week
51|2020|74611751|Santander NOW|UA-74611751-1|App Santander NOW|PREMIUM|--|USD|APP|--|117804469|Todos os dados do aplicativo para dispositivos móveis|45|0|9|0|54|0.0|0|2021-03-02 16:22:44.408381|basic|week
52|2020|74611751|Santander NOW|UA-74611751-1|App Santander NOW|PREMIUM|--|USD|APP|--|117804469|Todos os dados do aplicativo para dispositivos móveis|33|0|8|0|41|0.0|0|2021-03-02 16:22:44.408381|basic|week
53|2020|74611751|Santander NOW|UA-74611751-1|App Santander NOW|PREMIUM|--|USD|APP|--|117804469|Todos os dados do aplicativo para dispositivos móveis|12|0|4|0|12|0.0|0|2021-03-02 16:22:44.408381|basic|week
49|2020|74611751|Santander NOW|UA-74611751-2|Intranet Santander|PREMIUM|http://www.intranet.local2.santander.br|USD|WEB|http://www.intranet.local2.santander.br|158697885|All Web Site Data|157739|294666|74286|1064044|591035|6.7283199E7|899849|2021-03-02 16:22:44.408381|basic|week
50|2020|74611751|Santander NOW|UA-74611751-2|Intranet Santander|PREMIUM|http://www.intranet.local2.santander.br|USD|WEB|http://www.intranet.local2.santander.br|158697885|All Web Site Data|188776|364867|93916|1322716|751796|7.908755E7|1148213|2021-03-02 16:22:44.408381|basic|week
51|2020|74611751|Santander NOW|UA-74611751-2|Intranet Santander|PREMIUM|http://www.intranet.local2.santander.br|USD|WEB|http://www.intranet.local2.santander.br|158697885|All Web Site Data|198390|352967|102780|1360785|751411|8.3543609E7|1177907|2021-03-02 16:22:44.408381|basic|week
52|2020|74611751|Santander NOW|UA-74611751-2|Intranet Santander|PREMIUM|http://www.intranet.local2.santander.br|USD|WEB|http://www.intranet.local2.santander.br|158697885|All Web Site Data|135056|225200|55316|837831|475094|5.4082729E7|733744|2021-03-02 16:22:44.408381|basic|week
53|2020|74611751|Santander NOW|UA-74611751-2|Intranet Santander|PREMIUM|http://www.intranet.local2.santander.br|USD|WEB|http://www.intranet.local2.santander.br|158697885|All Web Site Data|120585|190915|44763|703694|399634|4.6862408E7|612197|2021-03-02 16:22:44.408381|basic|week
49|2020|74611751|Santander NOW|UA-74611751-3|Santander NOW - Notícias e Mídias|PREMIUM|https://santander.com.br/wp-content/uploads/|USD|WEB|https://santander.com.br/wp-content/uploads/|164251816|All Web Site Data|5|5|5|5|5|0.0|5|2021-03-02 16:22:44.408381|basic|week
50|2020|74611751|Santander NOW|UA-74611751-3|Santander NOW - Notícias e Mídias|PREMIUM|https://santander.com.br/wp-content/uploads/|USD|WEB|https://santander.com.br/wp-content/uploads/|164251816|All Web Site Data|4|2|4|5|4|109.0|4|2021-03-02 16:22:44.408381|basic|week
49|2020|74611751|Santander NOW|UA-74611751-3|Santander NOW - Notícias e Mídias|PREMIUM|https://santander.com.br/wp-content/uploads/|USD|WEB|https://santander.com.br/wp-content/uploads/|167143976|Mídias|5|5|5|5|5|0.0|5|2021-03-02 16:22:44.408381|basic|week
50|2020|74611751|Santander NOW|UA-74611751-3|Santander NOW - Notícias e Mídias|PREMIUM|https://santander.com.br/wp-content/uploads/|USD|WEB|https://santander.com.br/wp-content/uploads/|167143976|Mídias|3|2|3|4|3|109.0|3|2021-03-02 16:22:44.408381|basic|week
50|2020|74611751|Santander NOW|UA-74611751-3|Santander NOW - Notícias e Mídias|PREMIUM|https://santander.com.br/wp-content/uploads/|USD|WEB|https://santander.com.br/wp-content/uploads/|167202974|Notícias|1|0|1|1|1|0.0|1|2021-03-02 16:22:44.408381|basic|week
49|2020|74611751|Santander NOW|UA-74611751-4|1. Santander NOW - Web|PREMIUM|https://now.santanderbr.com|BRL|WEB|https://now.santanderbr.com|221243771|BR - Santander - Raw Data|155385|182758|71648|793473|582791|1.07422408E8|678390|2021-03-02 16:22:44.408381|basic|week
50|2020|74611751|Santander NOW|UA-74611751-4|1. Santander NOW - Web|PREMIUM|https://now.santanderbr.com|BRL|WEB|https://now.santanderbr.com|221243771|BR - Santander - Raw Data|183200|234917|88869|996472|739552|1.28715711E8|859865|2021-03-02 16:22:44.408381|basic|week
51|2020|74611751|Santander NOW|UA-74611751-4|1. Santander NOW - Web|PREMIUM|https://now.santanderbr.com|BRL|WEB|https://now.santanderbr.com|221243771|BR - Santander - Raw Data|214318|255147|112653|1107282|776928|1.56275145E8|938243|2021-03-02 16:22:44.408381|basic|week
52|2020|74611751|Santander NOW|UA-74611751-4|1. Santander NOW - Web|PREMIUM|https://now.santanderbr.com|BRL|WEB|https://now.santanderbr.com|221243771|BR - Santander - Raw Data|130268|151580|51128|626064|455997|8.3045096E7|541925|2021-03-02 16:22:44.408381|basic|week
53|2020|74611751|Santander NOW|UA-74611751-4|1. Santander NOW - Web|PREMIUM|https://now.santanderbr.com|BRL|WEB|https://now.santanderbr.com|221243771|BR - Santander - Raw Data|114799|125163|41122|521849|388315|7.3376747E7|448203|2021-03-02 16:22:44.408381|basic|week
49|2020|74611751|Santander NOW|UA-74611751-4|1. Santander NOW - Web|PREMIUM|https://now.santanderbr.com|USD|WEB|https://now.santanderbr.com|228143415|BR - Santander - Homologação|13|10|7|30|17|381.0|26|2021-03-02 16:22:44.408381|basic|week
50|2020|74611751|Santander NOW|UA-74611751-4|1. Santander NOW - Web|PREMIUM|https://now.santanderbr.com|USD|WEB|https://now.santanderbr.com|228143415|BR - Santander - Homologação|56|7|50|417|69|38271.0|197|2021-03-02 16:22:44.408381|basic|week
51|2020|74611751|Santander NOW|UA-74611751-4|1. Santander NOW - Web|PREMIUM|https://now.santanderbr.com|USD|WEB|https://now.santanderbr.com|228143415|BR - Santander - Homologação|21|7|17|61|25|1016.0|46|2021-03-02 16:22:44.408381|basic|week
52|2020|74611751|Santander NOW|UA-74611751-4|1. Santander NOW - Web|PREMIUM|https://now.santanderbr.com|USD|WEB|https://now.santanderbr.com|228143415|BR - Santander - Homologação|4|0|3|15|5|1612.0|12|2021-03-02 16:22:44.408381|basic|week
49|2020|74611751|Santander NOW|UA-74611751-4|1. Santander NOW - Web|PREMIUM|https://now.santanderbr.com|USD|WEB|https://now.santanderbr.com|228172152|BR - Santander - Master View|155385|182748|71641|793443|582774|1.07422027E8|678364|2021-03-02 16:22:44.408381|basic|week
50|2020|74611751|Santander NOW|UA-74611751-4|1. Santander NOW - Web|PREMIUM|https://now.santanderbr.com|USD|WEB|https://now.santanderbr.com|228172152|BR - Santander - Master View|183118|234910|88819|996055|739483|1.2867744E8|859668|2021-03-02 16:22:44.408381|basic|week
51|2020|74611751|Santander NOW|UA-74611751-4|1. Santander NOW - Web|PREMIUM|https://now.santanderbr.com|USD|WEB|https://now.santanderbr.com|228172152|BR - Santander - Master View|214303|255140|112636|1107221|776903|1.56274129E8|938197|2021-03-02 16:22:44.408381|basic|week
52|2020|74611751|Santander NOW|UA-74611751-4|1. Santander NOW - Web|PREMIUM|https://now.santanderbr.com|USD|WEB|https://now.santanderbr.com|228172152|BR - Santander - Master View|130268|151580|51125|626049|455992|8.3043484E7|541913|2021-03-02 16:22:44.408381|basic|week
53|2020|74611751|Santander NOW|UA-74611751-4|1. Santander NOW - Web|PREMIUM|https://now.santanderbr.com|USD|WEB|https://now.santanderbr.com|228172152|BR - Santander - Master View|114799|125163|41122|521849|388315|7.3376747E7|448203|2021-03-02 16:22:44.408381|basic|week
49|2020|74611751|Santander NOW|UA-74611751-4|1. Santander NOW - Web|PREMIUM|https://now.santanderbr.com|USD|WEB|https://now.santanderbr.com|228172153|BR - Santander - iOS|4702|3341|1280|15953|6776|876008.0|12425|2021-03-02 16:22:44.408381|basic|week
50|2020|74611751|Santander NOW|UA-74611751-4|1. Santander NOW - Web|PREMIUM|https://now.santanderbr.com|USD|WEB|https://now.santanderbr.com|228172153|BR - Santander - iOS|5293|3984|1389|17392|7785|925051.0|13774|2021-03-02 16:22:44.408381|basic|week
51|2020|74611751|Santander NOW|UA-74611751-4|1. Santander NOW - Web|PREMIUM|https://now.santanderbr.com|USD|WEB|https://now.santanderbr.com|228172153|BR - Santander - iOS|15775|11829|6998|67348|28728|1.0626048E7|52231|2021-03-02 16:22:44.408381|basic|week
52|2020|74611751|Santander NOW|UA-74611751-4|1. Santander NOW - Web|PREMIUM|https://now.santanderbr.com|USD|WEB|https://now.santanderbr.com|228172153|BR - Santander - iOS|2457|1903|287|6461|3287|202092.0|5827|2021-03-02 16:22:44.408381|basic|week
53|2020|74611751|Santander NOW|UA-74611751-4|1. Santander NOW - Web|PREMIUM|https://now.santanderbr.com|USD|WEB|https://now.santanderbr.com|228172153|BR - Santander - iOS|1398|1020|187|3460|1709|107568.0|2984|2021-03-02 16:22:44.408381|basic|week
49|2020|74611751|Santander NOW|UA-74611751-4|1. Santander NOW - Web|PREMIUM|https://now.santanderbr.com|USD|WEB|https://now.santanderbr.com|228188350|BR - Santander - Android|12665|6102|9861|32347|14752|1936573.0|26903|2021-03-02 16:22:44.408381|basic|week
50|2020|74611751|Santander NOW|UA-74611751-4|1. Santander NOW - Web|PREMIUM|https://now.santanderbr.com|USD|WEB|https://now.santanderbr.com|228188350|BR - Santander - Android|12679|6685|9767|31366|14997|1466352.0|26404|2021-03-02 16:22:44.408381|basic|week
51|2020|74611751|Santander NOW|UA-74611751-4|1. Santander NOW - Web|PREMIUM|https://now.santanderbr.com|USD|WEB|https://now.santanderbr.com|228188350|BR - Santander - Android|40021|16454|33559|115374|49678|1.3928483E7|90916|2021-03-02 16:22:44.408381|basic|week
52|2020|74611751|Santander NOW|UA-74611751-4|1. Santander NOW - Web|PREMIUM|https://now.santanderbr.com|USD|WEB|https://now.santanderbr.com|228188350|BR - Santander - Android|6372|3988|4060|14828|7895|609272.0|12943|2021-03-02 16:22:44.408381|basic|week
53|2020|74611751|Santander NOW|UA-74611751-4|1. Santander NOW - Web|PREMIUM|https://now.santanderbr.com|USD|WEB|https://now.santanderbr.com|228188350|BR - Santander - Android|3674|2099|2236|8655|4178|351884.0|7202|2021-03-02 16:22:44.408381|basic|week
49|2020|74611751|Santander NOW|UA-74611751-4|1. Santander NOW - Web|PREMIUM|https://now.santanderbr.com|USD|WEB|https://now.santanderbr.com|232682512|BR - Santander - External only|20296|10920|11604|55090|27156|2955522.0|45918|2021-03-02 16:22:44.408381|basic|week
50|2020|74611751|Santander NOW|UA-74611751-4|1. Santander NOW - Web|PREMIUM|https://now.santanderbr.com|USD|WEB|https://now.santanderbr.com|232682512|BR - Santander - External only|28236|17272|15077|74926|42989|3999612.0|64280|2021-03-02 16:22:44.408381|basic|week
51|2020|74611751|Santander NOW|UA-74611751-4|1. Santander NOW - Web|PREMIUM|https://now.santanderbr.com|USD|WEB|https://now.santanderbr.com|232682512|BR - Santander - External only|49804|30377|32104|166215|75371|1.0909377E7|137613|2021-03-02 16:22:44.408381|basic|week
52|2020|74611751|Santander NOW|UA-74611751-4|1. Santander NOW - Web|PREMIUM|https://now.santanderbr.com|USD|WEB|https://now.santanderbr.com|232682512|BR - Santander - External only|13987|8415|5877|34231|20682|1430894.0|31126|2021-03-02 16:22:44.408381|basic|week
53|2020|74611751|Santander NOW|UA-74611751-4|1. Santander NOW - Web|PREMIUM|https://now.santanderbr.com|USD|WEB|https://now.santanderbr.com|232682512|BR - Santander - External only|10083|5246|3733|23455|14740|1156105.0|20911|2021-03-02 16:22:44.408381|basic|week
49|2020|80283675|Santander Universitário|UA-80283675-2|Universitário|STANDARD|http://www.santanderuniversidades.com.br|USD|WEB|http://www.santanderuniversidades.com.br|126327492|Todos os dados do website|4|5|1|5|14|0.0|5|2021-03-02 16:22:44.408381|basic|week
50|2020|80283675|Santander Universitário|UA-80283675-2|Universitário|STANDARD|http://www.santanderuniversidades.com.br|USD|WEB|http://www.santanderuniversidades.com.br|126327492|Todos os dados do website|6|1|1|12|10|1954.0|8|2021-03-02 16:22:44.408381|basic|week
51|2020|80283675|Santander Universitário|UA-80283675-2|Universitário|STANDARD|http://www.santanderuniversidades.com.br|USD|WEB|http://www.santanderuniversidades.com.br|126327492|Todos os dados do website|2|0|0|1|5|188.0|1|2021-03-02 16:22:44.408381|basic|week
52|2020|80283675|Santander Universitário|UA-80283675-2|Universitário|STANDARD|http://www.santanderuniversidades.com.br|USD|WEB|http://www.santanderuniversidades.com.br|126327492|Todos os dados do website|3|2|1|2|4|0.0|2|2021-03-02 16:22:44.408381|basic|week
53|2020|80283675|Santander Universitário|UA-80283675-2|Universitário|STANDARD|http://www.santanderuniversidades.com.br|USD|WEB|http://www.santanderuniversidades.com.br|126327492|Todos os dados do website|1|0|0|0|2|0.0|0|2021-03-02 16:22:44.408381|basic|week
49|2020|80283675|Santander Universitário|UA-80283675-2|Universitário|STANDARD|http://www.santanderuniversidades.com.br|USD|APP|--|166221744|Mobile 3.0.0|4|5|1|5|14|0.0|5|2021-03-02 16:22:44.408381|basic|week
50|2020|80283675|Santander Universitário|UA-80283675-2|Universitário|STANDARD|http://www.santanderuniversidades.com.br|USD|APP|--|166221744|Mobile 3.0.0|6|1|1|12|10|1954.0|8|2021-03-02 16:22:44.408381|basic|week
51|2020|80283675|Santander Universitário|UA-80283675-2|Universitário|STANDARD|http://www.santanderuniversidades.com.br|USD|APP|--|166221744|Mobile 3.0.0|2|0|0|1|5|188.0|1|2021-03-02 16:22:44.408381|basic|week
52|2020|80283675|Santander Universitário|UA-80283675-2|Universitário|STANDARD|http://www.santanderuniversidades.com.br|USD|APP|--|166221744|Mobile 3.0.0|3|2|1|2|4|0.0|2|2021-03-02 16:22:44.408381|basic|week
53|2020|80283675|Santander Universitário|UA-80283675-2|Universitário|STANDARD|http://www.santanderuniversidades.com.br|USD|APP|--|166221744|Mobile 3.0.0|1|0|0|0|2|0.0|0|2021-03-02 16:22:44.408381|basic|week
49|2020|101785796|BR - Santander|UA-101785796-1|BR - Santander - Web|PREMIUM|http://www.santander.com.br|BRL|WEB|http://www.santander.com.br|154024794|BR - Santander - Web - Raw Data|7243989|5491248|3296480|62639104|13961395|4.140163575E9|38360233|2021-03-02 16:22:44.408381|basic|week
50|2020|101785796|BR - Santander|UA-101785796-1|BR - Santander - Web|PREMIUM|http://www.santander.com.br|BRL|WEB|http://www.santander.com.br|154024794|BR - Santander - Web - Raw Data|7636792|5834840|3443358|72276076|15595316|4.861549282E9|44090950|2021-03-02 16:22:44.408381|basic|week
51|2020|101785796|BR - Santander|UA-101785796-1|BR - Santander - Web|PREMIUM|http://www.santander.com.br|BRL|WEB|http://www.santander.com.br|154024794|BR - Santander - Web - Raw Data|6914090|4980548|3033139|71385419|14492691|5.050023111E9|42326935|2021-03-02 16:22:44.408381|basic|week
52|2020|101785796|BR - Santander|UA-101785796-1|BR - Santander - Web|PREMIUM|http://www.santander.com.br|BRL|WEB|http://www.santander.com.br|154024794|BR - Santander - Web - Raw Data|5714759|3621430|2467756|49402286|10524578|3.189486085E9|29157824|2021-03-02 16:22:44.408381|basic|week
53|2020|101785796|BR - Santander|UA-101785796-1|BR - Santander - Web|PREMIUM|http://www.santander.com.br|BRL|WEB|http://www.santander.com.br|154024794|BR - Santander - Web - Raw Data|3525110|1571649|1305079|35275584|6427049|2.421172346E9|19994861|2021-03-02 16:22:44.408381|basic|week
49|2020|101785796|BR - Santander|UA-101785796-1|BR - Santander - Web|PREMIUM|http://www.santander.com.br|BRL|WEB|http://www.santander.com.br|156719244|BR - Santander - Web - Master View|7190548|5475402|3269298|62201008|13868750|4.106320009E9|37926302|2021-03-02 16:22:44.408381|basic|week
50|2020|101785796|BR - Santander|UA-101785796-1|BR - Santander - Web|PREMIUM|http://www.santander.com.br|BRL|WEB|http://www.santander.com.br|156719244|BR - Santander - Web - Master View|7567030|5817398|3414122|71808788|15490659|4.823945232E9|43597249|2021-03-02 16:22:44.408381|basic|week
51|2020|101785796|BR - Santander|UA-101785796-1|BR - Santander - Web|PREMIUM|http://www.santander.com.br|BRL|WEB|http://www.santander.com.br|156719244|BR - Santander - Web - Master View|6855726|4962726|3004052|70924539|14382225|5.01132104E9|41840711|2021-03-02 16:22:44.408381|basic|week
52|2020|101785796|BR - Santander|UA-101785796-1|BR - Santander - Web|PREMIUM|http://www.santander.com.br|BRL|WEB|http://www.santander.com.br|156719244|BR - Santander - Web - Master View|5674488|3611905|2446008|49088662|10453214|3.165471732E9|28831127|2021-03-02 16:22:44.408381|basic|week
53|2020|101785796|BR - Santander|UA-101785796-1|BR - Santander - Web|PREMIUM|http://www.santander.com.br|BRL|WEB|http://www.santander.com.br|156719244|BR - Santander - Web - Master View|3481549|1564838|1288991|34991763|6369248|2.40077239E9|19732846|2021-03-02 16:22:44.408381|basic|week
49|2020|101785796|BR - Santander|UA-101785796-1|BR - Santander - Web|PREMIUM|http://www.santander.com.br|BRL|WEB|http://www.santander.com.br|156720543|BR - Santander - Web - Teste|7194592|5475418|3275799|62229266|13875259|4.106806978E9|38112113|2021-03-02 16:22:44.408381|basic|week
50|2020|101785796|BR - Santander|UA-101785796-1|BR - Santander - Web|PREMIUM|http://www.santander.com.br|BRL|WEB|http://www.santander.com.br|156720543|BR - Santander - Web - Teste|7573607|5817407|3420148|71832925|15496692|4.824351325E9|43817631|2021-03-02 16:22:44.408381|basic|week
51|2020|101785796|BR - Santander|UA-101785796-1|BR - Santander - Web|PREMIUM|http://www.santander.com.br|BRL|WEB|http://www.santander.com.br|156720543|BR - Santander - Web - Teste|6868905|4962740|3010084|70948495|14388263|5.011722997E9|42051005|2021-03-02 16:22:44.408381|basic|week
52|2020|101785796|BR - Santander|UA-101785796-1|BR - Santander - Web|PREMIUM|http://www.santander.com.br|BRL|WEB|http://www.santander.com.br|156720543|BR - Santander - Web - Teste|5681348|3611939|2452055|49112716|10459285|3.16587411E9|28980570|2021-03-02 16:22:44.408381|basic|week
53|2020|101785796|BR - Santander|UA-101785796-1|BR - Santander - Web|PREMIUM|http://www.santander.com.br|BRL|WEB|http://www.santander.com.br|156720543|BR - Santander - Web - Teste|3486892|1564850|1292446|35005738|6372722|2.401016228E9|19840183|2021-03-02 16:22:44.408381|basic|week
49|2020|101785796|BR - Santander|UA-101785796-1|BR - Santander - Web|PREMIUM|http://www.santander.com.br|BRL|WEB|http://www.santander.com.br|161597778|BR - Santander - Web - HK IBPF|679078|3337|223475|9904613|1050966|5.23561657E8|6419224|2021-03-02 16:22:44.408381|basic|week
50|2020|101785796|BR - Santander|UA-101785796-1|BR - Santander - Web|PREMIUM|http://www.santander.com.br|BRL|WEB|http://www.santander.com.br|161597778|BR - Santander - Web - HK IBPF|781985|3341|261756|11924271|1264000|6.23669822E8|7718337|2021-03-02 16:22:44.408381|basic|week
51|2020|101785796|BR - Santander|UA-101785796-1|BR - Santander - Web|PREMIUM|http://www.santander.com.br|BRL|WEB|http://www.santander.com.br|161597778|BR - Santander - Web - HK IBPF|721406|2823|247664|10797019|1182496|5.58387345E8|7130151|2021-03-02 16:22:44.408381|basic|week
52|2020|101785796|BR - Santander|UA-101785796-1|BR - Santander - Web|PREMIUM|http://www.santander.com.br|BRL|WEB|http://www.santander.com.br|161597778|BR - Santander - Web - HK IBPF|306767|1105|80879|3663949|397806|1.91468087E8|2410437|2021-03-02 16:22:44.408381|basic|week
53|2020|101785796|BR - Santander|UA-101785796-1|BR - Santander - Web|PREMIUM|http://www.santander.com.br|BRL|WEB|http://www.santander.com.br|161597778|BR - Santander - Web - HK IBPF|468|158|406|561|636|102651.0|478|2021-03-02 16:22:44.408381|basic|week
49|2020|101785796|BR - Santander|UA-101785796-1|BR - Santander - Web|PREMIUM|http://www.santander.com.br|BRL|WEB|http://www.santander.com.br|169440724|BR - Santander - Web - Cartões|7190548|5475402|3269298|62201008|13868750|4.106320009E9|37926302|2021-03-02 16:22:44.408381|basic|week
50|2020|101785796|BR - Santander|UA-101785796-1|BR - Santander - Web|PREMIUM|http://www.santander.com.br|BRL|WEB|http://www.santander.com.br|169440724|BR - Santander - Web - Cartões|7567030|5817398|3414122|71808788|15490659|4.823945232E9|43597249|2021-03-02 16:22:44.408381|basic|week
51|2020|101785796|BR - Santander|UA-101785796-1|BR - Santander - Web|PREMIUM|http://www.santander.com.br|BRL|WEB|http://www.santander.com.br|169440724|BR - Santander - Web - Cartões|6855726|4962726|3004052|70924539|14382225|5.01132104E9|41840711|2021-03-02 16:22:44.408381|basic|week
52|2020|101785796|BR - Santander|UA-101785796-1|BR - Santander - Web|PREMIUM|http://www.santander.com.br|BRL|WEB|http://www.santander.com.br|169440724|BR - Santander - Web - Cartões|5674488|3611905|2446008|49088662|10453214|3.165471732E9|28831127|2021-03-02 16:22:44.408381|basic|week
53|2020|101785796|BR - Santander|UA-101785796-1|BR - Santander - Web|PREMIUM|http://www.santander.com.br|BRL|WEB|http://www.santander.com.br|169440724|BR - Santander - Web - Cartões|3481549|1564838|1288991|34991763|6369248|2.40077239E9|19732846|2021-03-02 16:22:44.408381|basic|week
49|2020|101785796|BR - Santander|UA-101785796-1|BR - Santander - Web|PREMIUM|http://www.santander.com.br|BRL|WEB|http://www.santander.com.br|172234561|BR - Santander - Web - Master View - Portal|7190548|5475402|3269298|62201008|13868750|4.106320009E9|37926302|2021-03-02 16:22:44.408381|basic|week
50|2020|101785796|BR - Santander|UA-101785796-1|BR - Santander - Web|PREMIUM|http://www.santander.com.br|BRL|WEB|http://www.santander.com.br|172234561|BR - Santander - Web - Master View - Portal|7567030|5817398|3414122|71808788|15490659|4.823945232E9|43597249|2021-03-02 16:22:44.408381|basic|week
51|2020|101785796|BR - Santander|UA-101785796-1|BR - Santander - Web|PREMIUM|http://www.santander.com.br|BRL|WEB|http://www.santander.com.br|172234561|BR - Santander - Web - Master View - Portal|6855726|4962726|3004052|70924539|14382225|5.01132104E9|41840711|2021-03-02 16:22:44.408381|basic|week
52|2020|101785796|BR - Santander|UA-101785796-1|BR - Santander - Web|PREMIUM|http://www.santander.com.br|BRL|WEB|http://www.santander.com.br|172234561|BR - Santander - Web - Master View - Portal|5674488|3611905|2446008|49088662|10453214|3.165471732E9|28831127|2021-03-02 16:22:44.408381|basic|week
53|2020|101785796|BR - Santander|UA-101785796-1|BR - Santander - Web|PREMIUM|http://www.santander.com.br|BRL|WEB|http://www.santander.com.br|172234561|BR - Santander - Web - Master View - Portal|3481549|1564838|1288991|34991763|6369248|2.40077239E9|19732846|2021-03-02 16:22:44.408381|basic|week
49|2020|101785796|BR - Santander|UA-101785796-1|BR - Santander - Web|PREMIUM|http://www.santander.com.br|BRL|WEB|http://www.santander.com.br|175359674|BR - Santander - Web -  Acordo|276817|174024|96760|1609309|428179|6.5598134E7|1057740|2021-03-02 16:22:44.408381|basic|week
50|2020|101785796|BR - Santander|UA-101785796-1|BR - Santander - Web|PREMIUM|http://www.santander.com.br|BRL|WEB|http://www.santander.com.br|175359674|BR - Santander - Web -  Acordo|338475|218131|121376|1983364|529463|8.0649686E7|1300321|2021-03-02 16:22:44.408381|basic|week
51|2020|101785796|BR - Santander|UA-101785796-1|BR - Santander - Web|PREMIUM|http://www.santander.com.br|BRL|WEB|http://www.santander.com.br|175359674|BR - Santander - Web -  Acordo|316708|212246|120008|2019798|512553|8.3659588E7|1303724|2021-03-02 16:22:44.408381|basic|week
52|2020|101785796|BR - Santander|UA-101785796-1|BR - Santander - Web|PREMIUM|http://www.santander.com.br|BRL|WEB|http://www.santander.com.br|175359674|BR - Santander - Web -  Acordo|218923|149775|78178|1260643|343479|5.0131002E7|833212|2021-03-02 16:22:44.408381|basic|week
53|2020|101785796|BR - Santander|UA-101785796-1|BR - Santander - Web|PREMIUM|http://www.santander.com.br|BRL|WEB|http://www.santander.com.br|175359674|BR - Santander - Web -  Acordo|162589|90827|55659|965135|242535|3.9885488E7|630552|2021-03-02 16:22:44.408381|basic|week
49|2020|101785796|BR - Santander|UA-101785796-1|BR - Santander - Web|PREMIUM|http://www.santander.com.br|BRL|WEB|http://www.santander.com.br|175409556|BR - Santander - Web - Conta PF|7190548|5475402|3269298|62201008|13868750|4.106320009E9|37926302|2021-03-02 16:22:44.408381|basic|week
50|2020|101785796|BR - Santander|UA-101785796-1|BR - Santander - Web|PREMIUM|http://www.santander.com.br|BRL|WEB|http://www.santander.com.br|175409556|BR - Santander - Web - Conta PF|7567030|5817398|3414122|71808788|15490659|4.823945232E9|43597249|2021-03-02 16:22:44.408381|basic|week
51|2020|101785796|BR - Santander|UA-101785796-1|BR - Santander - Web|PREMIUM|http://www.santander.com.br|BRL|WEB|http://www.santander.com.br|175409556|BR - Santander - Web - Conta PF|6855726|4962726|3004052|70924539|14382225|5.01132104E9|41840711|2021-03-02 16:22:44.408381|basic|week
52|2020|101785796|BR - Santander|UA-101785796-1|BR - Santander - Web|PREMIUM|http://www.santander.com.br|BRL|WEB|http://www.santander.com.br|175409556|BR - Santander - Web - Conta PF|5674488|3611905|2446008|49088662|10453214|3.165471732E9|28831127|2021-03-02 16:22:44.408381|basic|week
53|2020|101785796|BR - Santander|UA-101785796-1|BR - Santander - Web|PREMIUM|http://www.santander.com.br|BRL|WEB|http://www.santander.com.br|175409556|BR - Santander - Web - Conta PF|3481549|1564838|1288991|34991763|6369248|2.40077239E9|19732846|2021-03-02 16:22:44.408381|basic|week
49|2020|101785796|BR - Santander|UA-101785796-1|BR - Santander - Web|PREMIUM|http://www.santander.com.br|BRL|WEB|http://pf.santandernet.com.br|177074688|BR - Santander - Web - Master View -  IBPF|668299|2286|218027|9818426|1037825|5.19005134E8|6364292|2021-03-02 16:22:44.408381|basic|week
50|2020|101785796|BR - Santander|UA-101785796-1|BR - Santander - Web|PREMIUM|http://www.santander.com.br|BRL|WEB|http://pf.santandernet.com.br|177074688|BR - Santander - Web - Master View -  IBPF|771572|2574|256167|11829233|1249258|6.18342191E8|7658024|2021-03-02 16:22:44.408381|basic|week
51|2020|101785796|BR - Santander|UA-101785796-1|BR - Santander - Web|PREMIUM|http://www.santander.com.br|BRL|WEB|http://pf.santandernet.com.br|177074688|BR - Santander - Web - Master View -  IBPF|710897|2318|242046|10702255|1167660|5.53536762E8|7066408|2021-03-02 16:22:44.408381|basic|week
52|2020|101785796|BR - Santander|UA-101785796-1|BR - Santander - Web|PREMIUM|http://www.santander.com.br|BRL|WEB|http://pf.santandernet.com.br|177074688|BR - Santander - Web - Master View -  IBPF|503311|1325|155254|6896215|751297|3.59472618E8|4541122|2021-03-02 16:22:44.408381|basic|week
53|2020|101785796|BR - Santander|UA-101785796-1|BR - Santander - Web|PREMIUM|http://www.santander.com.br|BRL|WEB|http://pf.santandernet.com.br|177074688|BR - Santander - Web - Master View -  IBPF|438504|1136|133617|6043714|635785|3.21283864E8|3881158|2021-03-02 16:22:44.408381|basic|week
49|2020|101785796|BR - Santander|UA-101785796-1|BR - Santander - Web|PREMIUM|http://www.santander.com.br|BRL|WEB|http://pj.santandernetibe.com.br|178844874|BR - Santander - Web - Master View -  IBPJ|456610|54812|125710|22101936|1569251|1.347366794E9|10486771|2021-03-02 16:22:44.408381|basic|week
50|2020|101785796|BR - Santander|UA-101785796-1|BR - Santander - Web|PREMIUM|http://www.santander.com.br|BRL|WEB|http://pj.santandernetibe.com.br|178844874|BR - Santander - Web - Master View -  IBPJ|499264|66283|153467|26372317|1881310|1.632146477E9|12591869|2021-03-02 16:22:44.408381|basic|week
51|2020|101785796|BR - Santander|UA-101785796-1|BR - Santander - Web|PREMIUM|http://www.santander.com.br|BRL|WEB|http://pj.santandernetibe.com.br|178844874|BR - Santander - Web - Master View -  IBPJ|530690|74926|177528|29482466|2033534|1.888744073E9|13478414|2021-03-02 16:22:44.408381|basic|week
52|2020|101785796|BR - Santander|UA-101785796-1|BR - Santander - Web|PREMIUM|http://www.santander.com.br|BRL|WEB|http://pj.santandernetibe.com.br|178844874|BR - Santander - Web - Master View -  IBPJ|427889|46727|139181|17673171|1256933|1.111746066E9|8194966|2021-03-02 16:22:44.408381|basic|week
53|2020|101785796|BR - Santander|UA-101785796-1|BR - Santander - Web|PREMIUM|http://www.santander.com.br|BRL|WEB|http://pj.santandernetibe.com.br|178844874|BR - Santander - Web - Master View -  IBPJ|334898|33555|92582|13796557|978104|8.69581813E8|6427557|2021-03-02 16:22:44.408381|basic|week
49|2020|101785796|BR - Santander|UA-101785796-1|BR - Santander - Web|PREMIUM|http://www.santander.com.br|USD|WEB|http://www.santander.com.br|195843063|BR - Santander - Web - AutoCompara|30125|19690|25438|72319|34020|4231490.0|49368|2021-03-02 16:22:44.408381|basic|week
50|2020|101785796|BR - Santander|UA-101785796-1|BR - Santander - Web|PREMIUM|http://www.santander.com.br|USD|WEB|http://www.santander.com.br|195843063|BR - Santander - Web - AutoCompara|36949|24145|31287|88214|41889|5257704.0|60859|2021-03-02 16:22:44.408381|basic|week
51|2020|101785796|BR - Santander|UA-101785796-1|BR - Santander - Web|PREMIUM|http://www.santander.com.br|USD|WEB|http://www.santander.com.br|195843063|BR - Santander - Web - AutoCompara|36735|24171|30816|85401|40924|4842801.0|59133|2021-03-02 16:22:44.408381|basic|week
52|2020|101785796|BR - Santander|UA-101785796-1|BR - Santander - Web|PREMIUM|http://www.santander.com.br|USD|WEB|http://www.santander.com.br|195843063|BR - Santander - Web - AutoCompara|32784|6735|28364|95326|36378|4239624.0|51861|2021-03-02 16:22:44.408381|basic|week
53|2020|101785796|BR - Santander|UA-101785796-1|BR - Santander - Web|PREMIUM|http://www.santander.com.br|USD|WEB|http://www.santander.com.br|195843063|BR - Santander - Web - AutoCompara|20967|1817|17298|66391|23147|3029222.0|33993|2021-03-02 16:22:44.408381|basic|week
49|2020|101785796|BR - Santander|UA-101785796-1|BR - Santander - Web|PREMIUM|http://www.santander.com.br|USD|WEB|http://www.santander.com.br|195845298|BR - Santander - Web - Consórcio|87265|41109|34116|1172519|145068|3.5820371E7|524648|2021-03-02 16:22:44.408381|basic|week
50|2020|101785796|BR - Santander|UA-101785796-1|BR - Santander - Web|PREMIUM|http://www.santander.com.br|USD|WEB|http://www.santander.com.br|195845298|BR - Santander - Web - Consórcio|97270|47372|37377|1135676|155257|3.4916685E7|535943|2021-03-02 16:22:44.408381|basic|week
51|2020|101785796|BR - Santander|UA-101785796-1|BR - Santander - Web|PREMIUM|http://www.santander.com.br|USD|WEB|http://www.santander.com.br|195845298|BR - Santander - Web - Consórcio|90030|39412|38139|932178|146403|3.242567E7|538186|2021-03-02 16:22:44.408381|basic|week
52|2020|101785796|BR - Santander|UA-101785796-1|BR - Santander - Web|PREMIUM|http://www.santander.com.br|USD|WEB|http://www.santander.com.br|195845298|BR - Santander - Web - Consórcio|76780|18944|33090|923964|122606|2.6685978E7|448236|2021-03-02 16:22:44.408381|basic|week
53|2020|101785796|BR - Santander|UA-101785796-1|BR - Santander - Web|PREMIUM|http://www.santander.com.br|USD|WEB|http://www.santander.com.br|195845298|BR - Santander - Web - Consórcio|59770|8808|23963|836710|93040|2.3223939E7|360182|2021-03-02 16:22:44.408381|basic|week
49|2020|101785796|BR - Santander|UA-101785796-1|BR - Santander - Web|PREMIUM|http://www.santander.com.br|USD|WEB|http://www.santander.com.br|195852804|Santander - Capitalizacao [NAO USAR]|19363|8003|11134|28290|21183|1785741.0|22940|2021-03-02 16:22:44.408381|basic|week
50|2020|101785796|BR - Santander|UA-101785796-1|BR - Santander - Web|PREMIUM|http://www.santander.com.br|USD|WEB|http://www.santander.com.br|195852804|Santander - Capitalizacao [NAO USAR]|22649|9420|12740|33335|24522|2064442.0|27723|2021-03-02 16:22:44.408381|basic|week
51|2020|101785796|BR - Santander|UA-101785796-1|BR - Santander - Web|PREMIUM|http://www.santander.com.br|USD|WEB|http://www.santander.com.br|195852804|Santander - Capitalizacao [NAO USAR]|24716|10351|13132|37406|26527|1955820.0|31380|2021-03-02 16:22:44.408381|basic|week
52|2020|101785796|BR - Santander|UA-101785796-1|BR - Santander - Web|PREMIUM|http://www.santander.com.br|USD|WEB|http://www.santander.com.br|195852804|Santander - Capitalizacao [NAO USAR]|17965|2390|11454|38969|19457|1437071.0|21242|2021-03-02 16:22:44.408381|basic|week
53|2020|101785796|BR - Santander|UA-101785796-1|BR - Santander - Web|PREMIUM|http://www.santander.com.br|USD|WEB|http://www.santander.com.br|195852804|Santander - Capitalizacao [NAO USAR]|12067|315|7088|29069|13337|1094682.0|14579|2021-03-02 16:22:44.408381|basic|week
49|2020|101785796|BR - Santander|UA-101785796-1|BR - Santander - Web|PREMIUM|http://www.santander.com.br|USD|WEB|http://www.santander.com.br|195870871|BR - Santander - Web - Investimentos|95252|7131|17442|404003|139357|3.5357029E7|212157|2021-03-02 16:22:44.408381|basic|week
50|2020|101785796|BR - Santander|UA-101785796-1|BR - Santander - Web|PREMIUM|http://www.santander.com.br|USD|WEB|http://www.santander.com.br|195870871|BR - Santander - Web - Investimentos|85789|8382|18372|350069|133828|2.8827739E7|214184|2021-03-02 16:22:44.408381|basic|week
51|2020|101785796|BR - Santander|UA-101785796-1|BR - Santander - Web|PREMIUM|http://www.santander.com.br|USD|WEB|http://www.santander.com.br|195870871|BR - Santander - Web - Investimentos|94638|19649|21405|362594|144452|3.0981471E7|229163|2021-03-02 16:22:44.408381|basic|week
52|2020|101785796|BR - Santander|UA-101785796-1|BR - Santander - Web|PREMIUM|http://www.santander.com.br|USD|WEB|http://www.santander.com.br|195870871|BR - Santander - Web - Investimentos|70017|11218|16351|257855|99972|2.0630084E7|161320|2021-03-02 16:22:44.408381|basic|week
53|2020|101785796|BR - Santander|UA-101785796-1|BR - Santander - Web|PREMIUM|http://www.santander.com.br|USD|WEB|http://www.santander.com.br|195870871|BR - Santander - Web - Investimentos|61748|5858|13714|240489|85662|2.0324315E7|144190|2021-03-02 16:22:44.408381|basic|week
49|2020|101785796|BR - Santander|UA-101785796-1|BR - Santander - Web|PREMIUM|http://www.santander.com.br|BRL|WEB|http://www.santander.com.br|195874347|BR - Santander - Web - Crédito Imobiliário|98838|26082|49654|1007903|149855|3.1383635E7|432290|2021-03-02 16:22:44.408381|basic|week
50|2020|101785796|BR - Santander|UA-101785796-1|BR - Santander - Web|PREMIUM|http://www.santander.com.br|BRL|WEB|http://www.santander.com.br|195874347|BR - Santander - Web - Crédito Imobiliário|83077|37784|28952|134605|114693|9550212.0|116218|2021-03-02 16:22:44.408381|basic|week
51|2020|101785796|BR - Santander|UA-101785796-1|BR - Santander - Web|PREMIUM|http://www.santander.com.br|BRL|WEB|http://www.santander.com.br|195874347|BR - Santander - Web - Crédito Imobiliário|83113|45843|31210|150671|119755|9381808.0|133778|2021-03-02 16:22:44.408381|basic|week
52|2020|101785796|BR - Santander|UA-101785796-1|BR - Santander - Web|PREMIUM|http://www.santander.com.br|BRL|WEB|http://www.santander.com.br|195874347|BR - Santander - Web - Crédito Imobiliário|68323|16062|25467|181884|95889|7139767.0|111375|2021-03-02 16:22:44.408381|basic|week
53|2020|101785796|BR - Santander|UA-101785796-1|BR - Santander - Web|PREMIUM|http://www.santander.com.br|BRL|WEB|http://www.santander.com.br|195874347|BR - Santander - Web - Crédito Imobiliário|47502|6485|17354|136143|64627|5261662.0|71253|2021-03-02 16:22:44.408381|basic|week
49|2020|101785796|BR - Santander|UA-101785796-1|BR - Santander - Web|PREMIUM|http://www.santander.com.br|BRL|WEB|http://www.santander.com.br|195875788|Santander - IBPJ [NAO USAR]|7408501|5566787|3511284|62695115|14055535|4.109859603E9|38363089|2021-03-02 16:22:44.408381|basic|week
50|2020|101785796|BR - Santander|UA-101785796-1|BR - Santander - Web|PREMIUM|http://www.santander.com.br|BRL|WEB|http://www.santander.com.br|195875788|Santander - IBPJ [NAO USAR]|7824318|5920638|3672603|72342277|15684956|4.827932394E9|44085567|2021-03-02 16:22:44.408381|basic|week
51|2020|101785796|BR - Santander|UA-101785796-1|BR - Santander - Web|PREMIUM|http://www.santander.com.br|BRL|WEB|http://www.santander.com.br|195875788|Santander - IBPJ [NAO USAR]|7103675|5090815|3293076|71518111|14606465|5.015221713E9|42387345|2021-03-02 16:22:44.408381|basic|week
52|2020|101785796|BR - Santander|UA-101785796-1|BR - Santander - Web|PREMIUM|http://www.santander.com.br|BRL|WEB|http://www.santander.com.br|195875788|Santander - IBPJ [NAO USAR]|5983928|3656350|2738870|49839153|10679721|3.169656129E9|29382711|2021-03-02 16:22:44.408381|basic|week
53|2020|101785796|BR - Santander|UA-101785796-1|BR - Santander - Web|PREMIUM|http://www.santander.com.br|BRL|WEB|http://www.santander.com.br|195875788|Santander - IBPJ [NAO USAR]|3638030|1577382|1459643|35454956|6501638|2.403302094E9|20057255|2021-03-02 16:22:44.408381|basic|week
49|2020|101785796|BR - Santander|UA-101785796-1|BR - Santander - Web|PREMIUM|http://www.santander.com.br|BRL|WEB|http://www.santander.com.br|208203750|BR - Santander - Web - Promoções|1334419|1457335|768401|2209085|1898947|8.7914471E7|1948619|2021-03-02 16:22:44.408381|basic|week
50|2020|101785796|BR - Santander|UA-101785796-1|BR - Santander - Web|PREMIUM|http://www.santander.com.br|BRL|WEB|http://www.santander.com.br|208203750|BR - Santander - Web - Promoções|1640783|1848468|877216|3003224|2462545|1.14991447E8|2672003|2021-03-02 16:22:44.408381|basic|week
51|2020|101785796|BR - Santander|UA-101785796-1|BR - Santander - Web|PREMIUM|http://www.santander.com.br|BRL|WEB|http://www.santander.com.br|208203750|BR - Santander - Web - Promoções|1141058|1238299|551905|2224739|1697344|8.6274459E7|1817891|2021-03-02 16:22:44.408381|basic|week
52|2020|101785796|BR - Santander|UA-101785796-1|BR - Santander - Web|PREMIUM|http://www.santander.com.br|BRL|WEB|http://www.santander.com.br|208203750|BR - Santander - Web - Promoções|1038580|636555|428215|3023357|1431830|8.3342592E7|1809231|2021-03-02 16:22:44.408381|basic|week
53|2020|101785796|BR - Santander|UA-101785796-1|BR - Santander - Web|PREMIUM|http://www.santander.com.br|BRL|WEB|http://www.santander.com.br|208203750|BR - Santander - Web - Promoções|513226|310385|197416|1292463|656317|4.2147922E7|782140|2021-03-02 16:22:44.408381|basic|week
49|2020|101785796|BR - Santander|UA-101785796-1|BR - Santander - Web|PREMIUM|http://www.santander.com.br|BRL|WEB|http://www.santander.com.br|208319589|Santander - View - [Não USAR]|7190548|5475402|3269298|62201008|13868750|4.106320009E9|37926302|2021-03-02 16:22:44.408381|basic|week
50|2020|101785796|BR - Santander|UA-101785796-1|BR - Santander - Web|PREMIUM|http://www.santander.com.br|BRL|WEB|http://www.santander.com.br|208319589|Santander - View - [Não USAR]|7567030|5817398|3414122|71808788|15490659|4.823945232E9|43597249|2021-03-02 16:22:44.408381|basic|week
51|2020|101785796|BR - Santander|UA-101785796-1|BR - Santander - Web|PREMIUM|http://www.santander.com.br|BRL|WEB|http://www.santander.com.br|208319589|Santander - View - [Não USAR]|6855726|4962726|3004052|70924539|14382225|5.01132104E9|41840711|2021-03-02 16:22:44.408381|basic|week
52|2020|101785796|BR - Santander|UA-101785796-1|BR - Santander - Web|PREMIUM|http://www.santander.com.br|BRL|WEB|http://www.santander.com.br|208319589|Santander - View - [Não USAR]|5674488|3611905|2446008|49088662|10453214|3.165471732E9|28831127|2021-03-02 16:22:44.408381|basic|week
53|2020|101785796|BR - Santander|UA-101785796-1|BR - Santander - Web|PREMIUM|http://www.santander.com.br|BRL|WEB|http://www.santander.com.br|208319589|Santander - View - [Não USAR]|3481549|1564838|1288991|34991763|6369248|2.40077239E9|19732846|2021-03-02 16:22:44.408381|basic|week
49|2020|101785796|BR - Santander|UA-101785796-1|BR - Santander - Web|PREMIUM|http://www.santander.com.br|BRL|WEB|http://www.santander.com.br|212595719|BR - Santander - Web - Crédito/Preventivos|34827|13642|8292|165926|47519|5699013.0|116991|2021-03-02 16:22:44.408381|basic|week
50|2020|101785796|BR - Santander|UA-101785796-1|BR - Santander - Web|PREMIUM|http://www.santander.com.br|BRL|WEB|http://www.santander.com.br|212595719|BR - Santander - Web - Crédito/Preventivos|46044|16250|12486|220673|63544|7611133.0|160919|2021-03-02 16:22:44.408381|basic|week
51|2020|101785796|BR - Santander|UA-101785796-1|BR - Santander - Web|PREMIUM|http://www.santander.com.br|BRL|WEB|http://www.santander.com.br|212595719|BR - Santander - Web - Crédito/Preventivos|42752|13885|10993|209424|56138|6754677.0|147971|2021-03-02 16:22:44.408381|basic|week
52|2020|101785796|BR - Santander|UA-101785796-1|BR - Santander - Web|PREMIUM|http://www.santander.com.br|BRL|WEB|http://www.santander.com.br|212595719|BR - Santander - Web - Crédito/Preventivos|28439|8790|7099|139866|36341|4314363.0|98777|2021-03-02 16:22:44.408381|basic|week
53|2020|101785796|BR - Santander|UA-101785796-1|BR - Santander - Web|PREMIUM|http://www.santander.com.br|BRL|WEB|http://www.santander.com.br|212595719|BR - Santander - Web - Crédito/Preventivos|28264|7059|7437|138004|34676|4492227.0|97993|2021-03-02 16:22:44.408381|basic|week
49|2020|101785796|BR - Santander|UA-101785796-1|BR - Santander - Web|PREMIUM|http://www.santander.com.br|BRL|WEB|http://www.santander.com.br|220889245|BR - Santander - Web - Conta PJ|7190548|5475402|3269298|62201008|13868750|4.106320009E9|37926302|2021-03-02 16:22:44.408381|basic|week
50|2020|101785796|BR - Santander|UA-101785796-1|BR - Santander - Web|PREMIUM|http://www.santander.com.br|BRL|WEB|http://www.santander.com.br|220889245|BR - Santander - Web - Conta PJ|7567030|5817398|3414122|71808788|15490659|4.823945232E9|43597249|2021-03-02 16:22:44.408381|basic|week
51|2020|101785796|BR - Santander|UA-101785796-1|BR - Santander - Web|PREMIUM|http://www.santander.com.br|BRL|WEB|http://www.santander.com.br|220889245|BR - Santander - Web - Conta PJ|6855726|4962726|3004052|70924539|14382225|5.01132104E9|41840711|2021-03-02 16:22:44.408381|basic|week
52|2020|101785796|BR - Santander|UA-101785796-1|BR - Santander - Web|PREMIUM|http://www.santander.com.br|BRL|WEB|http://www.santander.com.br|220889245|BR - Santander - Web - Conta PJ|5674488|3611905|2446008|49088662|10453214|3.165471732E9|28831127|2021-03-02 16:22:44.408381|basic|week
53|2020|101785796|BR - Santander|UA-101785796-1|BR - Santander - Web|PREMIUM|http://www.santander.com.br|BRL|WEB|http://www.santander.com.br|220889245|BR - Santander - Web - Conta PJ|3481549|1564838|1288991|34991763|6369248|2.40077239E9|19732846|2021-03-02 16:22:44.408381|basic|week
49|2020|101785796|BR - Santander|UA-101785796-1|BR - Santander - Web|PREMIUM|http://www.santander.com.br|BRL|WEB|http://www.santander.com.br|230119730|BR - Santander - Web - SX/PIX|1607697|1713797|935340|4601699|2318429|1.9485756E8|3773809|2021-03-02 16:22:44.408381|basic|week
50|2020|101785796|BR - Santander|UA-101785796-1|BR - Santander - Web|PREMIUM|http://www.santander.com.br|BRL|WEB|http://www.santander.com.br|230119730|BR - Santander - Web - SX/PIX|2037033|2214716|1102498|6510923|3123263|2.83354132E8|5341318|2021-03-02 16:22:44.408381|basic|week
51|2020|101785796|BR - Santander|UA-101785796-1|BR - Santander - Web|PREMIUM|http://www.santander.com.br|BRL|WEB|http://www.santander.com.br|230119730|BR - Santander - Web - SX/PIX|1630796|1624105|784489|6101193|2489723|2.86208757E8|4748906|2021-03-02 16:22:44.408381|basic|week
52|2020|101785796|BR - Santander|UA-101785796-1|BR - Santander - Web|PREMIUM|http://www.santander.com.br|BRL|WEB|http://www.santander.com.br|230119730|BR - Santander - Web - SX/PIX|1761917|1415307|873521|6673456|2458210|2.52275002E8|4677376|2021-03-02 16:22:44.408381|basic|week
53|2020|101785796|BR - Santander|UA-101785796-1|BR - Santander - Web|PREMIUM|http://www.santander.com.br|BRL|WEB|http://www.santander.com.br|230119730|BR - Santander - Web - SX/PIX|732255|498508|292390|2951375|979847|1.27336686E8|2051278|2021-03-02 16:22:44.408381|basic|week
49|2020|101785796|BR - Santander|UA-101785796-1|BR - Santander - Web|PREMIUM|http://www.santander.com.br|BRL|WEB|http://www.santander.com.br|232961579|BR - Santander - Web - Refin|7190548|5475402|3269298|62201008|13868750|4.106320009E9|37926302|2021-03-02 16:22:44.408381|basic|week
50|2020|101785796|BR - Santander|UA-101785796-1|BR - Santander - Web|PREMIUM|http://www.santander.com.br|BRL|WEB|http://www.santander.com.br|232961579|BR - Santander - Web - Refin|7567030|5817398|3414122|71808788|15490659|4.823945232E9|43597249|2021-03-02 16:22:44.408381|basic|week
51|2020|101785796|BR - Santander|UA-101785796-1|BR - Santander - Web|PREMIUM|http://www.santander.com.br|BRL|WEB|http://www.santander.com.br|232961579|BR - Santander - Web - Refin|6855726|4962726|3004052|70924539|14382225|5.01132104E9|41840711|2021-03-02 16:22:44.408381|basic|week
52|2020|101785796|BR - Santander|UA-101785796-1|BR - Santander - Web|PREMIUM|http://www.santander.com.br|BRL|WEB|http://www.santander.com.br|232961579|BR - Santander - Web - Refin|5674488|3611905|2446008|49088662|10453214|3.165471732E9|28831127|2021-03-02 16:22:44.408381|basic|week
53|2020|101785796|BR - Santander|UA-101785796-1|BR - Santander - Web|PREMIUM|http://www.santander.com.br|BRL|WEB|http://www.santander.com.br|232961579|BR - Santander - Web - Refin|3481549|1564838|1288991|34991763|6369248|2.40077239E9|19732846|2021-03-02 16:22:44.408381|basic|week
51|2020|101785796|BR - Santander|UA-101785796-1|BR - Santander - Web|PREMIUM|http://www.santander.com.br|BRL|WEB|http://www.santander.com.br|234795731|BR - Santander - Web - HK IBPJ|446550|35346|121241|17069551|1566860|1.362379481E9|7670955|2021-03-02 16:22:44.408381|basic|week
52|2020|101785796|BR - Santander|UA-101785796-1|BR - Santander - Web|PREMIUM|http://www.santander.com.br|BRL|WEB|http://www.santander.com.br|234795731|BR - Santander - Web - HK IBPJ|296008|16397|56722|7839853|712828|6.15148223E8|3543400|2021-03-02 16:22:44.408381|basic|week
53|2020|101785796|BR - Santander|UA-101785796-1|BR - Santander - Web|PREMIUM|http://www.santander.com.br|BRL|WEB|http://www.santander.com.br|234795731|BR - Santander - Web - HK IBPJ|468|158|406|561|636|102651.0|478|2021-03-02 16:22:44.408381|basic|week
51|2020|101785796|BR - Santander|UA-101785796-1|BR - Santander - Web|PREMIUM|http://www.santander.com.br|BRL|WEB|http://www.santander.com.br|234797046|BR - Santander - Web - HK Portal|112|79|38|1874|259|206109.0|952|2021-03-02 16:22:44.408381|basic|week
52|2020|101785796|BR - Santander|UA-101785796-1|BR - Santander - Web|PREMIUM|http://www.santander.com.br|BRL|WEB|http://www.santander.com.br|234797046|BR - Santander - Web - HK Portal|67|48|24|2474|166|186519.0|876|2021-03-02 16:22:44.408381|basic|week
53|2020|101785796|BR - Santander|UA-101785796-1|BR - Santander - Web|PREMIUM|http://www.santander.com.br|BRL|WEB|http://www.santander.com.br|234797046|BR - Santander - Web - HK Portal|57|50|11|1473|175|148559.0|632|2021-03-02 16:22:44.408381|basic|week
49|2020|101785796|BR - Santander|UA-101785796-2|BR - Santander - App Universitario|PREMIUM|http://www.santander.com.br|BRL|APP|--|156702689|BR - Santander - App Universitario - iOS|93|0|68|0|121|0.0|0|2021-03-02 16:22:44.408381|basic|week
50|2020|101785796|BR - Santander|UA-101785796-2|BR - Santander - App Universitario|PREMIUM|http://www.santander.com.br|BRL|APP|--|156702689|BR - Santander - App Universitario - iOS|99|0|70|0|143|0.0|0|2021-03-02 16:22:44.408381|basic|week
51|2020|101785796|BR - Santander|UA-101785796-2|BR - Santander - App Universitario|PREMIUM|http://www.santander.com.br|BRL|APP|--|156702689|BR - Santander - App Universitario - iOS|77|0|58|0|107|0.0|0|2021-03-02 16:22:44.408381|basic|week
52|2020|101785796|BR - Santander|UA-101785796-2|BR - Santander - App Universitario|PREMIUM|http://www.santander.com.br|BRL|APP|--|156702689|BR - Santander - App Universitario - iOS|77|0|57|0|102|0.0|0|2021-03-02 16:22:44.408381|basic|week
53|2020|101785796|BR - Santander|UA-101785796-2|BR - Santander - App Universitario|PREMIUM|http://www.santander.com.br|BRL|APP|--|156702689|BR - Santander - App Universitario - iOS|45|0|33|0|59|0.0|0|2021-03-02 16:22:44.408381|basic|week
49|2020|101785796|BR - Santander|UA-101785796-2|BR - Santander - App Universitario|PREMIUM|http://www.santander.com.br|BRL|APP|--|156708522|BR - Santander - App Universitario - Android|31|0|9|0|43|0.0|0|2021-03-02 16:22:44.408381|basic|week
50|2020|101785796|BR - Santander|UA-101785796-2|BR - Santander - App Universitario|PREMIUM|http://www.santander.com.br|BRL|APP|--|156708522|BR - Santander - App Universitario - Android|37|0|16|0|41|0.0|0|2021-03-02 16:22:44.408381|basic|week
51|2020|101785796|BR - Santander|UA-101785796-2|BR - Santander - App Universitario|PREMIUM|http://www.santander.com.br|BRL|APP|--|156708522|BR - Santander - App Universitario - Android|31|0|12|0|40|0.0|0|2021-03-02 16:22:44.408381|basic|week
52|2020|101785796|BR - Santander|UA-101785796-2|BR - Santander - App Universitario|PREMIUM|http://www.santander.com.br|BRL|APP|--|156708522|BR - Santander - App Universitario - Android|19|0|4|0|22|0.0|0|2021-03-02 16:22:44.408381|basic|week
53|2020|101785796|BR - Santander|UA-101785796-2|BR - Santander - App Universitario|PREMIUM|http://www.santander.com.br|BRL|APP|--|156708522|BR - Santander - App Universitario - Android|20|0|8|0|23|0.0|0|2021-03-02 16:22:44.408381|basic|week
49|2020|101785796|BR - Santander|UA-101785796-2|BR - Santander - App Universitario|PREMIUM|http://www.santander.com.br|BRL|APP|--|156725997|BR - Santander - App Universitario - Raw Data|124|0|77|0|164|0.0|0|2021-03-02 16:22:44.408381|basic|week
50|2020|101785796|BR - Santander|UA-101785796-2|BR - Santander - App Universitario|PREMIUM|http://www.santander.com.br|BRL|APP|--|156725997|BR - Santander - App Universitario - Raw Data|136|0|86|0|184|0.0|0|2021-03-02 16:22:44.408381|basic|week
51|2020|101785796|BR - Santander|UA-101785796-2|BR - Santander - App Universitario|PREMIUM|http://www.santander.com.br|BRL|APP|--|156725997|BR - Santander - App Universitario - Raw Data|108|0|70|0|147|0.0|0|2021-03-02 16:22:44.408381|basic|week
52|2020|101785796|BR - Santander|UA-101785796-2|BR - Santander - App Universitario|PREMIUM|http://www.santander.com.br|BRL|APP|--|156725997|BR - Santander - App Universitario - Raw Data|96|0|61|0|124|0.0|0|2021-03-02 16:22:44.408381|basic|week
53|2020|101785796|BR - Santander|UA-101785796-2|BR - Santander - App Universitario|PREMIUM|http://www.santander.com.br|BRL|APP|--|156725997|BR - Santander - App Universitario - Raw Data|65|0|41|0|82|0.0|0|2021-03-02 16:22:44.408381|basic|week
49|2020|101785796|BR - Santander|UA-101785796-2|BR - Santander - App Universitario|PREMIUM|http://www.santander.com.br|BRL|APP|--|182671556|BR - Santander - App Universitario - Master View|124|0|77|0|164|0.0|0|2021-03-02 16:22:44.408381|basic|week
50|2020|101785796|BR - Santander|UA-101785796-2|BR - Santander - App Universitario|PREMIUM|http://www.santander.com.br|BRL|APP|--|182671556|BR - Santander - App Universitario - Master View|136|0|86|0|184|0.0|0|2021-03-02 16:22:44.408381|basic|week
51|2020|101785796|BR - Santander|UA-101785796-2|BR - Santander - App Universitario|PREMIUM|http://www.santander.com.br|BRL|APP|--|182671556|BR - Santander - App Universitario - Master View|108|0|70|0|147|0.0|0|2021-03-02 16:22:44.408381|basic|week
52|2020|101785796|BR - Santander|UA-101785796-2|BR - Santander - App Universitario|PREMIUM|http://www.santander.com.br|BRL|APP|--|182671556|BR - Santander - App Universitario - Master View|96|0|61|0|124|0.0|0|2021-03-02 16:22:44.408381|basic|week
53|2020|101785796|BR - Santander|UA-101785796-2|BR - Santander - App Universitario|PREMIUM|http://www.santander.com.br|BRL|APP|--|182671556|BR - Santander - App Universitario - Master View|65|0|41|0|82|0.0|0|2021-03-02 16:22:44.408381|basic|week
49|2020|101785796|BR - Santander|UA-101785796-3|BR - Santander - App Way|PREMIUM|http://www.santander.com.br|BRL|APP|--|156711486|BR - Santander - App Way - iOS|945640|0|47053|0|2507896|0.0|0|2021-03-02 16:22:44.408381|basic|week
50|2020|101785796|BR - Santander|UA-101785796-3|BR - Santander - App Way|PREMIUM|http://www.santander.com.br|BRL|APP|--|156711486|BR - Santander - App Way - iOS|1031961|0|53209|0|3036979|0.0|0|2021-03-02 16:22:44.408381|basic|week
51|2020|101785796|BR - Santander|UA-101785796-3|BR - Santander - App Way|PREMIUM|http://www.santander.com.br|BRL|APP|--|156711486|BR - Santander - App Way - iOS|1038710|0|59241|0|3060535|0.0|0|2021-03-02 16:22:44.408381|basic|week
52|2020|101785796|BR - Santander|UA-101785796-3|BR - Santander - App Way|PREMIUM|http://www.santander.com.br|BRL|APP|--|156711486|BR - Santander - App Way - iOS|907245|0|38609|0|2344515|0.0|0|2021-03-02 16:22:44.408381|basic|week
53|2020|101785796|BR - Santander|UA-101785796-3|BR - Santander - App Way|PREMIUM|http://www.santander.com.br|BRL|APP|--|156711486|BR - Santander - App Way - iOS|744372|0|26226|0|1550348|0.0|0|2021-03-02 16:22:44.408381|basic|week
49|2020|101785796|BR - Santander|UA-101785796-3|BR - Santander - App Way|PREMIUM|http://www.santander.com.br|BRL|APP|--|156722961|BR - Santander - App Way - Raw Data|5295458|0|401887|0|14076876|0.0|0|2021-03-02 16:22:44.408381|basic|week
50|2020|101785796|BR - Santander|UA-101785796-3|BR - Santander - App Way|PREMIUM|http://www.santander.com.br|BRL|APP|--|156722961|BR - Santander - App Way - Raw Data|5676413|0|432167|0|16681655|0.0|0|2021-03-02 16:22:44.408381|basic|week
51|2020|101785796|BR - Santander|UA-101785796-3|BR - Santander - App Way|PREMIUM|http://www.santander.com.br|BRL|APP|--|156722961|BR - Santander - App Way - Raw Data|5680024|0|478947|0|16762881|0.0|0|2021-03-02 16:22:44.408381|basic|week
52|2020|101785796|BR - Santander|UA-101785796-3|BR - Santander - App Way|PREMIUM|http://www.santander.com.br|BRL|APP|--|156722961|BR - Santander - App Way - Raw Data|4959716|0|312428|0|12769627|0.0|0|2021-03-02 16:22:44.408381|basic|week
53|2020|101785796|BR - Santander|UA-101785796-3|BR - Santander - App Way|PREMIUM|http://www.santander.com.br|BRL|APP|--|156722961|BR - Santander - App Way - Raw Data|4078038|0|213316|0|8699580|0.0|0|2021-03-02 16:22:44.408381|basic|week
49|2020|101785796|BR - Santander|UA-101785796-3|BR - Santander - App Way|PREMIUM|http://www.santander.com.br|BRL|APP|--|156727186|BR - Santander - App Way - Android|4352922|0|354825|0|11568921|0.0|0|2021-03-02 16:22:44.408381|basic|week
50|2020|101785796|BR - Santander|UA-101785796-3|BR - Santander - App Way|PREMIUM|http://www.santander.com.br|BRL|APP|--|156727186|BR - Santander - App Way - Android|4648796|0|378947|0|13644590|0.0|0|2021-03-02 16:22:44.408381|basic|week
51|2020|101785796|BR - Santander|UA-101785796-3|BR - Santander - App Way|PREMIUM|http://www.santander.com.br|BRL|APP|--|156727186|BR - Santander - App Way - Android|4651687|0|419699|0|13702266|0.0|0|2021-03-02 16:22:44.408381|basic|week
52|2020|101785796|BR - Santander|UA-101785796-3|BR - Santander - App Way|PREMIUM|http://www.santander.com.br|BRL|APP|--|156727186|BR - Santander - App Way - Android|4050528|0|273813|0|10425044|0.0|0|2021-03-02 16:22:44.408381|basic|week
53|2020|101785796|BR - Santander|UA-101785796-3|BR - Santander - App Way|PREMIUM|http://www.santander.com.br|BRL|APP|--|156727186|BR - Santander - App Way - Android|3341491|0|187086|0|7149180|0.0|0|2021-03-02 16:22:44.408381|basic|week
49|2020|101785796|BR - Santander|UA-101785796-3|BR - Santander - App Way|PREMIUM|http://www.santander.com.br|BRL|APP|--|182680734|BR - Santander - App Way - Master View|5295458|0|401880|0|14076858|0.0|0|2021-03-02 16:22:44.408381|basic|week
50|2020|101785796|BR - Santander|UA-101785796-3|BR - Santander - App Way|PREMIUM|http://www.santander.com.br|BRL|APP|--|182680734|BR - Santander - App Way - Master View|5676413|0|432158|0|16681627|0.0|0|2021-03-02 16:22:44.408381|basic|week
51|2020|101785796|BR - Santander|UA-101785796-3|BR - Santander - App Way|PREMIUM|http://www.santander.com.br|BRL|APP|--|182680734|BR - Santander - App Way - Master View|5680024|0|478942|0|16762862|0.0|0|2021-03-02 16:22:44.408381|basic|week
52|2020|101785796|BR - Santander|UA-101785796-3|BR - Santander - App Way|PREMIUM|http://www.santander.com.br|BRL|APP|--|182680734|BR - Santander - App Way - Master View|4959716|0|312422|0|12769611|0.0|0|2021-03-02 16:22:44.408381|basic|week
53|2020|101785796|BR - Santander|UA-101785796-3|BR - Santander - App Way|PREMIUM|http://www.santander.com.br|BRL|APP|--|182680734|BR - Santander - App Way - Master View|4078038|0|213314|0|8699569|0.0|0|2021-03-02 16:22:44.408381|basic|week
49|2020|101785796|BR - Santander|UA-101785796-4|BR - Santander - App Santander PF|PREMIUM|http://santander.com.br|BRL|APP|--|156714024|BR - Santander - App Santander PF - Raw data|9962132|0|589371|0|51397799|0.0|0|2021-03-02 16:22:44.408381|basic|week
50|2020|101785796|BR - Santander|UA-101785796-4|BR - Santander - App Santander PF|PREMIUM|http://santander.com.br|BRL|APP|--|156714024|BR - Santander - App Santander PF - Raw data|10356892|0|617867|0|57570215|0.0|0|2021-03-02 16:22:44.408381|basic|week
51|2020|101785796|BR - Santander|UA-101785796-4|BR - Santander - App Santander PF|PREMIUM|http://santander.com.br|BRL|APP|--|156714024|BR - Santander - App Santander PF - Raw data|10416746|0|631945|0|63197761|0.0|0|2021-03-02 16:22:44.408381|basic|week
52|2020|101785796|BR - Santander|UA-101785796-4|BR - Santander - App Santander PF|PREMIUM|http://santander.com.br|BRL|APP|--|156714024|BR - Santander - App Santander PF - Raw data|9681589|0|461044|0|46817111|0.0|0|2021-03-02 16:22:44.408381|basic|week
53|2020|101785796|BR - Santander|UA-101785796-4|BR - Santander - App Santander PF|PREMIUM|http://santander.com.br|BRL|APP|--|156714024|BR - Santander - App Santander PF - Raw data|8633154|0|318960|0|32323236|0.0|0|2021-03-02 16:22:44.408381|basic|week
49|2020|101785796|BR - Santander|UA-101785796-4|BR - Santander - App Santander PF|PREMIUM|http://santander.com.br|BRL|APP|--|156726001|BR - Santander - App Santander PF - Android|7911404|0|524678|0|39979557|0.0|0|2021-03-02 16:22:44.408381|basic|week
50|2020|101785796|BR - Santander|UA-101785796-4|BR - Santander - App Santander PF|PREMIUM|http://santander.com.br|BRL|APP|--|156726001|BR - Santander - App Santander PF - Android|8226717|0|547084|0|44316730|0.0|0|2021-03-02 16:22:44.408381|basic|week
51|2020|101785796|BR - Santander|UA-101785796-4|BR - Santander - App Santander PF|PREMIUM|http://santander.com.br|BRL|APP|--|156726001|BR - Santander - App Santander PF - Android|8293118|0|559997|0|49066668|0.0|0|2021-03-02 16:22:44.408381|basic|week
52|2020|101785796|BR - Santander|UA-101785796-4|BR - Santander - App Santander PF|PREMIUM|http://santander.com.br|BRL|APP|--|156726001|BR - Santander - App Santander PF - Android|7728202|0|408419|0|36040037|0.0|0|2021-03-02 16:22:44.408381|basic|week
53|2020|101785796|BR - Santander|UA-101785796-4|BR - Santander - App Santander PF|PREMIUM|http://santander.com.br|BRL|APP|--|156726001|BR - Santander - App Santander PF - Android|6890998|0|283271|0|25083785|0.0|0|2021-03-02 16:22:44.408381|basic|week
49|2020|101785796|BR - Santander|UA-101785796-4|BR - Santander - App Santander PF|PREMIUM|http://santander.com.br|BRL|APP|--|156733027|BR - Santander - App Santander PF - iOS|1986412|0|64678|0|11417987|0.0|0|2021-03-02 16:22:44.408381|basic|week
50|2020|101785796|BR - Santander|UA-101785796-4|BR - Santander - App Santander PF|PREMIUM|http://santander.com.br|BRL|APP|--|156733027|BR - Santander - App Santander PF - iOS|2043455|0|70762|0|13253162|0.0|0|2021-03-02 16:22:44.408381|basic|week
51|2020|101785796|BR - Santander|UA-101785796-4|BR - Santander - App Santander PF|PREMIUM|http://santander.com.br|BRL|APP|--|156733027|BR - Santander - App Santander PF - iOS|2067493|0|71925|0|14130682|0.0|0|2021-03-02 16:22:44.408381|basic|week
52|2020|101785796|BR - Santander|UA-101785796-4|BR - Santander - App Santander PF|PREMIUM|http://santander.com.br|BRL|APP|--|156733027|BR - Santander - App Santander PF - iOS|1959913|0|52613|0|10776827|0.0|0|2021-03-02 16:22:44.408381|basic|week
53|2020|101785796|BR - Santander|UA-101785796-4|BR - Santander - App Santander PF|PREMIUM|http://santander.com.br|BRL|APP|--|156733027|BR - Santander - App Santander PF - iOS|1767558|0|35681|0|7239183|0.0|0|2021-03-02 16:22:44.408381|basic|week
49|2020|101785796|BR - Santander|UA-101785796-4|BR - Santander - App Santander PF|PREMIUM|http://santander.com.br|BRL|APP|--|182674471|BR - Santander - App Santander PF - Master View|9962132|0|589357|0|51397762|0.0|0|2021-03-02 16:22:44.408381|basic|week
50|2020|101785796|BR - Santander|UA-101785796-4|BR - Santander - App Santander PF|PREMIUM|http://santander.com.br|BRL|APP|--|182674471|BR - Santander - App Santander PF - Master View|10356892|0|617849|0|57570167|0.0|0|2021-03-02 16:22:44.408381|basic|week
51|2020|101785796|BR - Santander|UA-101785796-4|BR - Santander - App Santander PF|PREMIUM|http://santander.com.br|BRL|APP|--|182674471|BR - Santander - App Santander PF - Master View|10416746|0|631931|0|63197736|0.0|0|2021-03-02 16:22:44.408381|basic|week
52|2020|101785796|BR - Santander|UA-101785796-4|BR - Santander - App Santander PF|PREMIUM|http://santander.com.br|BRL|APP|--|182674471|BR - Santander - App Santander PF - Master View|9681589|0|461038|0|46817091|0.0|0|2021-03-02 16:22:44.408381|basic|week
53|2020|101785796|BR - Santander|UA-101785796-4|BR - Santander - App Santander PF|PREMIUM|http://santander.com.br|BRL|APP|--|182674471|BR - Santander - App Santander PF - Master View|8633154|0|318956|0|32323225|0.0|0|2021-03-02 16:22:44.408381|basic|week
49|2020|101785796|BR - Santander|UA-101785796-4|BR - Santander - App Santander PF|PREMIUM|http://santander.com.br|BRL|APP|--|212491144|BR - Santander - App Santander PF - View Crédito|9961881|0|589357|0|51395319|0.0|0|2021-03-02 16:22:44.408381|basic|week
50|2020|101785796|BR - Santander|UA-101785796-4|BR - Santander - App Santander PF|PREMIUM|http://santander.com.br|BRL|APP|--|212491144|BR - Santander - App Santander PF - View Crédito|10356892|0|617847|0|57567699|0.0|0|2021-03-02 16:22:44.408381|basic|week
51|2020|101785796|BR - Santander|UA-101785796-4|BR - Santander - App Santander PF|PREMIUM|http://santander.com.br|BRL|APP|--|212491144|BR - Santander - App Santander PF - View Crédito|10416746|0|631931|0|63195800|0.0|0|2021-03-02 16:22:44.408381|basic|week
52|2020|101785796|BR - Santander|UA-101785796-4|BR - Santander - App Santander PF|PREMIUM|http://santander.com.br|BRL|APP|--|212491144|BR - Santander - App Santander PF - View Crédito|9681589|0|461038|0|46815498|0.0|0|2021-03-02 16:22:44.408381|basic|week
53|2020|101785796|BR - Santander|UA-101785796-4|BR - Santander - App Santander PF|PREMIUM|http://santander.com.br|BRL|APP|--|212491144|BR - Santander - App Santander PF - View Crédito|8633154|0|318955|0|32322292|0.0|0|2021-03-02 16:22:44.408381|basic|week
49|2020|101785796|BR - Santander|UA-101785796-6|BR - Santander - App Santander PJ|PREMIUM|http://www.santander.com.br|BRL|APP|--|169108346|BR - Santander - App Santander PJ - Raw Data|880656|0|32589|0|5360760|0.0|0|2021-03-02 16:22:44.408381|basic|week
50|2020|101785796|BR - Santander|UA-101785796-6|BR - Santander - App Santander PJ|PREMIUM|http://www.santander.com.br|BRL|APP|--|169108346|BR - Santander - App Santander PJ - Raw Data|923113|0|37705|0|6867121|0.0|0|2021-03-02 16:22:44.408381|basic|week
51|2020|101785796|BR - Santander|UA-101785796-6|BR - Santander - App Santander PJ|PREMIUM|http://www.santander.com.br|BRL|APP|--|169108346|BR - Santander - App Santander PJ - Raw Data|926686|0|37690|0|7079895|0.0|0|2021-03-02 16:22:44.408381|basic|week
52|2020|101785796|BR - Santander|UA-101785796-6|BR - Santander - App Santander PJ|PREMIUM|http://www.santander.com.br|BRL|APP|--|169108346|BR - Santander - App Santander PJ - Raw Data|873605|0|27795|0|5397778|0.0|0|2021-03-02 16:22:44.408381|basic|week
53|2020|101785796|BR - Santander|UA-101785796-6|BR - Santander - App Santander PJ|PREMIUM|http://www.santander.com.br|BRL|APP|--|169108346|BR - Santander - App Santander PJ - Raw Data|796906|0|20090|0|3932674|0.0|0|2021-03-02 16:22:44.408381|basic|week
49|2020|101785796|BR - Santander|UA-101785796-6|BR - Santander - App Santander PJ|PREMIUM|http://www.santander.com.br|BRL|APP|--|169147702|BR - Santander - App Santander PJ - Android|604044|0|26244|0|3664455|0.0|0|2021-03-02 16:22:44.408381|basic|week
50|2020|101785796|BR - Santander|UA-101785796-6|BR - Santander - App Santander PJ|PREMIUM|http://www.santander.com.br|BRL|APP|--|169147702|BR - Santander - App Santander PJ - Android|632787|0|30043|0|4689051|0.0|0|2021-03-02 16:22:44.408381|basic|week
51|2020|101785796|BR - Santander|UA-101785796-6|BR - Santander - App Santander PJ|PREMIUM|http://www.santander.com.br|BRL|APP|--|169147702|BR - Santander - App Santander PJ - Android|635441|0|30055|0|4828698|0.0|0|2021-03-02 16:22:44.408381|basic|week
52|2020|101785796|BR - Santander|UA-101785796-6|BR - Santander - App Santander PJ|PREMIUM|http://www.santander.com.br|BRL|APP|--|169147702|BR - Santander - App Santander PJ - Android|599059|0|22378|0|3698549|0.0|0|2021-03-02 16:22:44.408381|basic|week
53|2020|101785796|BR - Santander|UA-101785796-6|BR - Santander - App Santander PJ|PREMIUM|http://www.santander.com.br|BRL|APP|--|169147702|BR - Santander - App Santander PJ - Android|546932|0|16211|0|2709573|0.0|0|2021-03-02 16:22:44.408381|basic|week
49|2020|101785796|BR - Santander|UA-101785796-6|BR - Santander - App Santander PJ|PREMIUM|http://www.santander.com.br|BRL|APP|--|169151625|BR - Santander - App Santander PJ - iOS|276602|0|6343|0|1696257|0.0|0|2021-03-02 16:22:44.408381|basic|week
50|2020|101785796|BR - Santander|UA-101785796-6|BR - Santander - App Santander PJ|PREMIUM|http://www.santander.com.br|BRL|APP|--|169151625|BR - Santander - App Santander PJ - iOS|290312|0|7657|0|2178016|0.0|0|2021-03-02 16:22:44.408381|basic|week
51|2020|101785796|BR - Santander|UA-101785796-6|BR - Santander - App Santander PJ|PREMIUM|http://www.santander.com.br|BRL|APP|--|169151625|BR - Santander - App Santander PJ - iOS|291234|0|7632|0|2251148|0.0|0|2021-03-02 16:22:44.408381|basic|week
52|2020|101785796|BR - Santander|UA-101785796-6|BR - Santander - App Santander PJ|PREMIUM|http://www.santander.com.br|BRL|APP|--|169151625|BR - Santander - App Santander PJ - iOS|274537|0|5415|0|1699193|0.0|0|2021-03-02 16:22:44.408381|basic|week
53|2020|101785796|BR - Santander|UA-101785796-6|BR - Santander - App Santander PJ|PREMIUM|http://www.santander.com.br|BRL|APP|--|169151625|BR - Santander - App Santander PJ - iOS|249965|0|3876|0|1223071|0.0|0|2021-03-02 16:22:44.408381|basic|week
49|2020|101785796|BR - Santander|UA-101785796-6|BR - Santander - App Santander PJ|PREMIUM|http://www.santander.com.br|BRL|APP|--|182683911|BR - Santander - App Santander PJ - Master View|880653|0|32587|0|5360756|0.0|0|2021-03-02 16:22:44.408381|basic|week
50|2020|101785796|BR - Santander|UA-101785796-6|BR - Santander - App Santander PJ|PREMIUM|http://www.santander.com.br|BRL|APP|--|182683911|BR - Santander - App Santander PJ - Master View|923108|0|37700|0|6867116|0.0|0|2021-03-02 16:22:44.408381|basic|week
51|2020|101785796|BR - Santander|UA-101785796-6|BR - Santander - App Santander PJ|PREMIUM|http://www.santander.com.br|BRL|APP|--|182683911|BR - Santander - App Santander PJ - Master View|926683|0|37687|0|7079893|0.0|0|2021-03-02 16:22:44.408381|basic|week
52|2020|101785796|BR - Santander|UA-101785796-6|BR - Santander - App Santander PJ|PREMIUM|http://www.santander.com.br|BRL|APP|--|182683911|BR - Santander - App Santander PJ - Master View|873602|0|27793|0|5397775|0.0|0|2021-03-02 16:22:44.408381|basic|week
53|2020|101785796|BR - Santander|UA-101785796-6|BR - Santander - App Santander PJ|PREMIUM|http://www.santander.com.br|BRL|APP|--|182683911|BR - Santander - App Santander PJ - Master View|796903|0|20087|0|3932671|0.0|0|2021-03-02 16:22:44.408381|basic|week
49|2020|101785796|BR - Santander|UA-101785796-7|BR - Santander - PNI - Portal de Negócios Internacionais|STANDARD|https://negociosinternacionais.santandernetibe.com.br|USD|WEB|https://negociosinternacionais.santandernetibe.com.br|211886820|BR - Santander - PNI - Raw Data|6897|2506|1939|57709|14450|4990529.0|38927|2021-03-02 16:22:44.408381|basic|week
50|2020|101785796|BR - Santander|UA-101785796-7|BR - Santander - PNI - Portal de Negócios Internacionais|STANDARD|https://negociosinternacionais.santandernetibe.com.br|USD|WEB|https://negociosinternacionais.santandernetibe.com.br|211886820|BR - Santander - PNI - Raw Data|7750|2919|2437|73337|17980|6188972.0|48410|2021-03-02 16:22:44.408381|basic|week
51|2020|101785796|BR - Santander|UA-101785796-7|BR - Santander - PNI - Portal de Negócios Internacionais|STANDARD|https://negociosinternacionais.santandernetibe.com.br|USD|WEB|https://negociosinternacionais.santandernetibe.com.br|211886820|BR - Santander - PNI - Raw Data|8016|3240|2514|78272|19000|6588102.0|51490|2021-03-02 16:22:44.408381|basic|week
52|2020|101785796|BR - Santander|UA-101785796-7|BR - Santander - PNI - Portal de Negócios Internacionais|STANDARD|https://negociosinternacionais.santandernetibe.com.br|USD|WEB|https://negociosinternacionais.santandernetibe.com.br|211886820|BR - Santander - PNI - Raw Data|5625|1857|1454|48935|11492|4183396.0|32202|2021-03-02 16:22:44.408381|basic|week
53|2020|101785796|BR - Santander|UA-101785796-7|BR - Santander - PNI - Portal de Negócios Internacionais|STANDARD|https://negociosinternacionais.santandernetibe.com.br|USD|WEB|https://negociosinternacionais.santandernetibe.com.br|211886820|BR - Santander - PNI - Raw Data|4915|1633|1230|42563|10164|3671854.0|27432|2021-03-02 16:22:44.408381|basic|week
49|2020|101785796|BR - Santander|UA-101785796-8|BR - Santander - Farol Santander|STANDARD|https://www.farolsantander.com.br|BRL|WEB|https://www.farolsantander.com.br|218018311|All Website data|6559|2561|5584|27496|8186|1025868.0|21374|2021-03-02 16:22:44.408381|basic|week
50|2020|101785796|BR - Santander|UA-101785796-8|BR - Santander - Farol Santander|STANDARD|https://www.farolsantander.com.br|BRL|WEB|https://www.farolsantander.com.br|218018311|All Website data|7158|2863|6218|31475|9100|1171675.0|23936|2021-03-02 16:22:44.408381|basic|week
51|2020|101785796|BR - Santander|UA-101785796-8|BR - Santander - Farol Santander|STANDARD|https://www.farolsantander.com.br|BRL|WEB|https://www.farolsantander.com.br|218018311|All Website data|7567|4033|6600|32383|10391|1227002.0|24884|2021-03-02 16:22:44.408381|basic|week
52|2020|101785796|BR - Santander|UA-101785796-8|BR - Santander - Farol Santander|STANDARD|https://www.farolsantander.com.br|BRL|WEB|https://www.farolsantander.com.br|218018311|All Website data|4496|2315|3844|17825|5792|691130.0|13447|2021-03-02 16:22:44.408381|basic|week
53|2020|101785796|BR - Santander|UA-101785796-8|BR - Santander - Farol Santander|STANDARD|https://www.farolsantander.com.br|BRL|WEB|https://www.farolsantander.com.br|218018311|All Website data|2991|1196|2537|12797|3792|511907.0|9636|2021-03-02 16:22:44.408381|basic|week
49|2020|101785796|BR - Santander|UA-101785796-10|BR - Santander - oseucanal|STANDARD|https://www.oseucanal.com.br|USD|WEB|https://www.oseucanal.com.br|229237470|Todos os dados do website|74|102|33|120|110|2672.0|111|2021-03-02 16:22:44.408381|basic|week
50|2020|101785796|BR - Santander|UA-101785796-10|BR - Santander - oseucanal|STANDARD|https://www.oseucanal.com.br|USD|WEB|https://www.oseucanal.com.br|229237470|Todos os dados do website|58|70|25|91|77|5646.0|78|2021-03-02 16:22:44.408381|basic|week
51|2020|101785796|BR - Santander|UA-101785796-10|BR - Santander - oseucanal|STANDARD|https://www.oseucanal.com.br|USD|WEB|https://www.oseucanal.com.br|229237470|Todos os dados do website|64|85|30|99|91|3246.0|94|2021-03-02 16:22:44.408381|basic|week
52|2020|101785796|BR - Santander|UA-101785796-10|BR - Santander - oseucanal|STANDARD|https://www.oseucanal.com.br|USD|WEB|https://www.oseucanal.com.br|229237470|Todos os dados do website|52|60|23|75|67|2257.0|69|2021-03-02 16:22:44.408381|basic|week
53|2020|101785796|BR - Santander|UA-101785796-10|BR - Santander - oseucanal|STANDARD|https://www.oseucanal.com.br|USD|WEB|https://www.oseucanal.com.br|229237470|Todos os dados do website|36|42|19|50|45|107.0|48|2021-03-02 16:22:44.408381|basic|week
49|2020|101785796|BR - Santander|UA-101785796-11|Br- Santander - Web - eudouosangue|STANDARD|https://www.eudouosangue.com.br/|BRL|WEB|https://www.eudouosangue.com.br/|230230287|Todos os dados do website|3504|2234|3454|5332|3798|225474.0|4548|2021-03-02 16:22:44.408381|basic|week
50|2020|101785796|BR - Santander|UA-101785796-11|Br- Santander - Web - eudouosangue|STANDARD|https://www.eudouosangue.com.br/|BRL|WEB|https://www.eudouosangue.com.br/|230230287|Todos os dados do website|2779|1801|2712|4214|3015|168817.0|3638|2021-03-02 16:22:44.408381|basic|week
51|2020|101785796|BR - Santander|UA-101785796-11|Br- Santander - Web - eudouosangue|STANDARD|https://www.eudouosangue.com.br/|BRL|WEB|https://www.eudouosangue.com.br/|230230287|Todos os dados do website|3632|2298|3571|5439|3944|221682.0|4709|2021-03-02 16:22:44.408381|basic|week
52|2020|101785796|BR - Santander|UA-101785796-11|Br- Santander - Web - eudouosangue|STANDARD|https://www.eudouosangue.com.br/|BRL|WEB|https://www.eudouosangue.com.br/|230230287|Todos os dados do website|3125|1849|3067|4803|3357|190170.0|4137|2021-03-02 16:22:44.408381|basic|week
53|2020|101785796|BR - Santander|UA-101785796-11|Br- Santander - Web - eudouosangue|STANDARD|https://www.eudouosangue.com.br/|BRL|WEB|https://www.eudouosangue.com.br/|230230287|Todos os dados do website|1738|973|1705|2683|1865|122753.0|2305|2021-03-02 16:22:44.408381|basic|week
